event_id,sig,eps
12884901894,0.000000E+00,0.000000E+00
