,event_id,rlzi,structural~no_damage,structural~slight,structural~moderate,structural~extensive,structural~complete
Rp500,0,0,1171.77,243.04,2.00457,0.180499,0.00576007
Rp1000,0,0,954.935,442.796,17.2299,1.8434099999999998,0.19596
Rp2500,0,0,461.656,775.6569999999999,153.025,20.1787,6.48321
