,event_id,rlzi,structural~no_damage,structural~slight,structural~moderate,structural~extensive,structural~complete
Rp1000,0,0,963.1010000000001,436.086,16.0561,1.58171,0.17540999999999998
Rp1000,0,0,971.8530000000001,429.33,14.2294,1.4269,0.160159
Rp1000,0,0,981.565,421.05199999999996,13.0229,1.2157799999999999,0.144394
