,event_id,rlzi,structural~no_damage,structural~slight,structural~moderate,structural~extensive,structural~complete
Rp2500,0,0,464.591,778.91,149.537,18.1145,5.84799
Rp2500,0,0,467.61400000000003,782.28,144.983,16.7424,5.380319999999999
Rp2500,0,0,470.05800000000005,785.704,141.359,15.0225,4.85647
