,event_id,rlzi,structural~no_damage,structural~slight,structural~moderate,structural~extensive,structural~complete
Rp500,0,0,1175.11,239.885,1.83555,0.163089,0.00540285
Rp500,0,0,1178.99,236.196,1.6589099999999999,0.1521,0.00507811
Rp500,0,0,1185.52,229.84,1.50222,0.132905,0.00472735
