,event_id,rlzi,structural~no_damage,structural~slight,structural~moderate,structural~extensive,structural~complete
Rp500,0,0,1182.23,232.84900000000002,1.7658,0.14998699999999998,0.0050755
Rp500,0,0,1191.8,223.662,1.3988200000000002,0.132787,0.00451624
Rp500,0,0,1204.89,210.863,1.13521,0.107357,0.00391228
